{
	"info": {
		"_postman_id": "6f89f073-93b0-40d7-8ac0-8fc8093a0949",
		"name": "Ciudad Sostenible",
		"schema": "https://schema.getpostman.com/json/collection/v2.1.0/collection.json",
		"_exporter_id": "25582164"
	},
	"item": [
		{
			"name": "solvePost",
			"request": {
				"method": "PUT",
				"header": [
					{
						"key": "Authorization",
						"value": "eyJhbGciOiJIUzI1NiIsInR5cCI6IkpXVCJ9.eyJpZCI6MSwiaWF0IjoxNjc3NTM2NTM4LCJleHAiOjE2NzgxNDEzMzh9.I_nWHS1Vu5N9aIr5tymjVVg3fe_o3BA6vGps1Z-WuWM",
						"type": "text"
					}
				],
				"body": {
					"mode": "raw",
					"raw": "",
					"options": {
						"raw": {
							"language": "json"
						}
					}
				},
				"url": {
					"raw": "http://localhost:4000/posts/1",
					"protocol": "http",
					"host": [
						"localhost"
					],
					"port": "4000",
					"path": [
						"posts",
						"1"
					]
				}
			},
			"response": []
		},
		{
			"name": "selectPostById",
			"protocolProfileBehavior": {
				"disableBodyPruning": true
			},
			"request": {
				"method": "GET",
				"header": [],
				"body": {
					"mode": "raw",
					"raw": "",
					"options": {
						"raw": {
							"language": "json"
						}
					}
				},
				"url": {
					"raw": "http://localhost:4000/posts/3",
					"protocol": "http",
					"host": [
						"localhost"
					],
					"port": "4000",
					"path": [
						"posts",
						"3"
					]
				}
			},
			"response": []
		},
		{
			"name": "newUser",
			"request": {
				"method": "POST",
				"header": [],
				"body": {
					"mode": "raw",
					"raw": "{\r\n    \"name\": \"Jorge_1\", \"email\": \"jmrta2b@gmail.com\", \"password\": \"1234\"\r\n}",
					"options": {
						"raw": {
							"language": "json"
						}
					}
				},
				"url": {
					"raw": "http://localhost:4000/users/",
					"protocol": "http",
					"host": [
						"localhost"
					],
					"port": "4000",
					"path": [
						"users",
						""
					]
				}
			},
			"response": []
		},
		{
			"name": "loginUser",
			"request": {
				"method": "POST",
				"header": [],
				"body": {
					"mode": "raw",
					"raw": "{\r\n    \"email\":\"administrador@gmail.com\", \"password\": \"12345\"}",
					"options": {
						"raw": {
							"language": "json"
						}
					}
				},
				"url": {
					"raw": "http://localhost:4000/users/login",
					"protocol": "http",
					"host": [
						"localhost"
					],
					"port": "4000",
					"path": [
						"users",
						"login"
					]
				}
			},
			"response": []
		},
		{
			"name": "validateUser",
			"request": {
				"method": "PUT",
				"header": [],
				"body": {
					"mode": "raw",
					"raw": "",
					"options": {
						"raw": {
							"language": "json"
						}
					}
				},
				"url": {
					"raw": "http://localhost:4000/users/validate/164079f2-81b8-4289-90dc-6ec73b2ae864",
					"protocol": "http",
					"host": [
						"localhost"
					],
					"port": "4000",
					"path": [
						"users",
						"validate",
						"164079f2-81b8-4289-90dc-6ec73b2ae864"
					]
				}
			},
			"response": []
		},
		{
			"name": "newPost",
			"request": {
				"method": "POST",
				"header": [
					{
						"key": "Authorization",
						"value": "eyJhbGciOiJIUzI1NiIsInR5cCI6IkpXVCJ9.eyJpZCI6MSwiaWF0IjoxNjc3NTM2NTM4LCJleHAiOjE2NzgxNDEzMzh9.I_nWHS1Vu5N9aIr5tymjVVg3fe_o3BA6vGps1Z-WuWM",
						"type": "text"
					}
				],
				"body": {
					"mode": "formdata",
					"formdata": [
						{
							"key": "photo",
							"type": "file",
							"src": "/C:/Users/user/Desktop/imagenes prueba/biblioteca.jpg"
						},
						{
							"key": "title",
							"value": "Biblioteca cerrada",
							"type": "text"
						},
						{
							"key": "text",
							"value": "La biblioteca del barrio Pascual está cerrada",
							"type": "text"
						},
						{
							"key": "barrio",
							"value": "Barrio Pascual",
							"type": "text"
						}
					]
				},
				"url": {
					"raw": "http://localhost:4000/posts",
					"protocol": "http",
					"host": [
						"localhost"
					],
					"port": "4000",
					"path": [
						"posts"
					]
				}
			},
			"response": []
		},
		{
			"name": "selectAllPost",
			"protocolProfileBehavior": {
				"disableBodyPruning": true
			},
			"request": {
				"method": "GET",
				"header": [],
				"body": {
					"mode": "formdata",
					"formdata": [
						{
							"key": "",
							"value": "",
							"type": "text",
							"disabled": true
						}
					]
				},
				"url": {
					"raw": "http://localhost:4000/posts",
					"protocol": "http",
					"host": [
						"localhost"
					],
					"port": "4000",
					"path": [
						"posts"
					]
				}
			},
			"response": []
		}
	]
}